sample,motif_length,motif,count,race
SRR11241378,3,CAG,828341,Asian
SRR11241378,4,CAGC,407115,Asian
SRR11241378,5,AGCAG,311876,Asian
SRR11241378,6,CCAGCA,224085,Asian
SRR11241378,7,GCCAGCA,205005,Asian
SRR11241378,8,GCCAGCAG,192971,Asian
SRR11241378,9,TGTGCCAGC,165003,Asian
SRR11241378,10,TGTGCCAGCA,155254,Asian
SRR11241378,11,TGTGCCAGCAG,145008,Asian
SRR11241379,3,CAG,740864,Asian
SRR11241379,4,GCAG,358838,Asian
SRR11241379,5,AGCAG,274719,Asian
SRR11241379,6,CCAGCA,194055,Asian
SRR11241379,7,GCCAGCA,176313,Asian
SRR11241379,8,GCCAGCAG,165980,Asian
SRR11241379,9,TGTGCCAGC,143795,Asian
SRR11241379,10,TGTGCCAGCA,131187,Asian
SRR11241379,11,TGTGCCAGCAG,122726,Asian
SRR11241380,3,CAG,1291395,Asian
SRR11241380,4,CAGC,649427,Asian
SRR11241380,5,AGCAG,474607,Asian
SRR11241380,6,CCAGCA,360508,Asian
SRR11241380,7,GCCAGCA,327527,Asian
SRR11241380,8,GCCAGCAG,310309,Asian
SRR11241380,9,TGTGCCAGC,268535,Asian
SRR11241380,10,TGTGCCAGCA,255722,Asian
SRR11241380,11,TGTGCCAGCAG,240740,Asian
SRR11241381,3,CAG,1527340,Asian
SRR11241381,4,CAGC,765474,Asian
SRR11241381,5,AGCAG,560706,Asian
SRR11241381,6,CCAGCA,427538,Asian
SRR11241381,7,GCCAGCA,389579,Asian
SRR11241381,8,GCCAGCAG,368497,Asian
SRR11241381,9,TGTGCCAGC,327490,Asian
SRR11241381,10,TGTGCCAGCA,311025,Asian
SRR11241381,11,TGTGCCAGCAG,292545,Asian
SRR11241382,3,CAG,1633439,Asian
SRR11241382,4,CAGC,811568,Asian
SRR11241382,5,AGCAG,590119,Asian
SRR11241382,6,CCAGCA,444392,Asian
SRR11241382,7,GCCAGCA,401599,Asian
SRR11241382,8,GCCAGCAG,380243,Asian
SRR11241382,9,TGTGCCAGC,333851,Asian
SRR11241382,10,TGTGCCAGCA,309866,Asian
SRR11241382,11,TGTGCCAGCAG,291882,Asian
SRR11241383,3,CAG,1281673,Asian
SRR11241383,4,CAGC,644302,Asian
SRR11241383,5,AGCAG,471946,Asian
SRR11241383,6,CCAGCA,358751,Asian
SRR11241383,7,GCCAGCA,326118,Asian
SRR11241383,8,GCCAGCAG,308790,Asian
SRR11241383,9,TGTGCCAGC,270084,Asian
SRR11241383,10,TGTGCCAGCA,257005,Asian
SRR11241383,11,TGTGCCAGCAG,241867,Asian
SRR11241384,3,CAG,1520330,Asian
SRR11241384,4,CAGC,761669,Asian
SRR11241384,5,AGCAG,559350,Asian
SRR11241384,6,CCAGCA,426184,Asian
SRR11241384,7,GCCAGCA,388767,Asian
SRR11241384,8,GCCAGCAG,367605,Asian
SRR11241384,9,TGTGCCAGC,327932,Asian
SRR11241384,10,TGTGCCAGCA,311576,Asian
SRR11241384,11,TGTGCCAGCAG,292926,Asian
SRR11241385,3,CAG,853673,Asian
SRR11241385,4,CAGC,418698,Asian
SRR11241385,5,AGCAG,321019,Asian
SRR11241385,6,CCAGCA,231978,Asian
SRR11241385,7,GCCAGCA,213060,Asian
SRR11241385,8,GCCAGCAG,200242,Asian
SRR11241385,9,TGTGCCAGC,174822,Asian
SRR11241385,10,TGTGCCAGCA,164016,Asian
SRR11241385,11,TGTGCCAGCAG,153057,Asian
SRR11241386,3,CAG,1114316,Asian
SRR11241386,4,CAGC,550618,Asian
SRR11241386,5,AGCAG,402130,Asian
SRR11241386,6,CCAGCA,302979,Asian
SRR11241386,7,GCCAGCA,273778,Asian
SRR11241386,8,GCCAGCAG,259099,Asian
SRR11241386,9,TGTGCCAGC,228132,Asian
SRR11241386,10,TGTGCCAGCA,212135,Asian
SRR11241386,11,TGTGCCAGCAG,199737,Asian
SRR11241387,3,CAG,137476,Asian
SRR11241387,4,GCAG,67308,Asian
SRR11241387,5,AGCAG,51087,Asian
SRR11241387,6,CCAGCA,35733,Asian
SRR11241387,7,GCCAGCA,32249,Asian
SRR11241387,8,GCCAGCAG,30480,Asian
SRR11241387,9,TGTGCCAGC,26587,Asian
SRR11241387,10,TGTGCCAGCA,24838,Asian
SRR11241387,11,TGTGCCAGCAG,23371,Asian
SRR5812610,3,CAG,108862,European
SRR5812610,4,CAGC,54140,European
SRR5812610,5,AGCAG,38087,European
SRR5812610,6,CCAGCA,28341,European
SRR5812610,7,GCCAGCA,25327,European
SRR5812610,8,GCCAGCAG,23937,European
SRR5812610,9,TGTGCCAGC,20496,European
SRR5812610,10,TGTGCCAGCA,18714,European
SRR5812610,11,TGTGCCAGCAG,17588,European
SRR5812611,3,CAG,152322,European
SRR5812611,4,CAGC,78374,European
SRR5812611,5,AGCAG,48583,European
SRR5812611,6,CCAGCA,41504,European
SRR5812611,7,GCCAGCA,36859,European
SRR5812611,8,GCCAGCAG,34788,European
SRR5812611,9,TGTGCCAGC,28612,European
SRR5812611,10,TGTGCCAGCA,26313,European
SRR5812611,11,TGTGCCAGCAG,24679,European
SRR5812612,3,CAG,50506,European
SRR5812612,4,GCAG,25035,European
SRR5812612,5,AGCAG,17389,European
SRR5812612,6,CCAGCA,13099,European
SRR5812612,7,GCCAGCA,11941,European
SRR5812612,8,GCCAGCAG,11206,European
SRR5812612,9,TGTGCCAGC,10204,European
SRR5812613,3,CAG,921470,European
SRR5812613,4,CAGC,443744,European
SRR5812613,5,AGCAG,290268,European
SRR5812613,6,CCAGCA,244421,European
SRR5812613,7,GCCAGCA,216099,European
SRR5812613,8,GCCAGCAG,203638,European
SRR5812613,9,TGTGCCAGC,178433,European
SRR5812613,10,TGTGCCAGCA,166231,European
SRR5812613,11,TGTGCCAGCAG,155815,European
SRR5812614,3,CAG,1039492,European
SRR5812614,4,CAGC,516839,European
SRR5812614,5,AGCAG,385772,European
SRR5812614,6,CCAGCA,273942,European
SRR5812614,7,GCCAGCA,247857,European
SRR5812614,8,GCCAGCAG,233697,European
SRR5812614,9,TGTGCCAGC,210079,European
SRR5812614,10,TGTGCCAGCA,193208,European
SRR5812614,11,TGTGCCAGCAG,181045,European
SRR5812615,3,CAG,25691,European
SRR5812615,4,CAGC,16040,European
SRR5812615,5,AGCAG,10012,European
SRR5812616,3,CAG,139988,European
SRR5812616,4,CAGC,87874,European
SRR5812616,5,AGCAG,52955,European
SRR5812616,6,CCAGCA,43902,European
SRR5812616,7,TGTGCCA,42812,European
SRR5812616,8,TGTGCCAG,42443,European
SRR5812616,9,TGTGCCAGC,42124,European
SRR5812616,10,TGTGCCAGCA,41238,European
SRR5812616,11,TGTGCCAGCAG,40154,European
SRR5812617,3,CAG,117048,European
SRR5812617,4,GCAG,57804,European
SRR5812617,5,AGCAG,44898,European
SRR5812617,6,CCAGCA,31197,European
SRR5812617,7,TGTGCCA,29455,European
SRR5812617,8,TGTGCCAG,27011,European
SRR5812617,9,TGTGCCAGC,25489,European
SRR5812617,10,TGTGCCAGCA,23743,European
SRR5812617,11,TGTGCCAGCAG,22262,European
SRR5812618,3,CAG,204571,European
SRR5812618,4,CAGC,101014,European
SRR5812618,5,AGCAG,73994,European
SRR5812618,6,CCAGCA,54249,European
SRR5812618,7,TGTGCCA,50560,European
SRR5812618,8,TGTGCCAG,46669,European
SRR5812618,9,TGTGCCAGC,44222,European
SRR5812618,10,TGTGCCAGCA,40428,European
SRR5812618,11,TGTGCCAGCAG,37831,European
SRR5812619,3,CAG,1236828,European
SRR5812619,4,CAGC,608950,European
SRR5812619,5,AGCAG,443495,European
SRR5812619,6,CCAGCA,324526,European
SRR5812619,7,GCCAGCA,291418,European
SRR5812619,8,GCCAGCAG,273961,European
SRR5812619,9,TGTGCCAGC,251308,European
SRR5812619,10,TGTGCCAGCA,229164,European
SRR5812619,11,TGTGCCAGCAG,214083,European
SRR5812620,3,CAG,424435,European
SRR5812620,4,GCAG,214364,European
SRR5812620,5,AGCAG,173462,European
SRR5812620,6,CCAGCA,117860,European
SRR5812620,7,GCCAGCA,108310,European
SRR5812620,8,GCCAGCAG,102130,European
SRR5812620,9,TGTGCCAGC,95779,European
SRR5812620,10,TGTGCCAGCA,90209,European
SRR5812620,11,TGTGCCAGCAG,84629,European
SRR5812621,3,CAG,750407,European
SRR5812621,4,CAGC,367368,European
SRR5812621,5,AGCAG,263714,European
SRR5812621,6,CCAGCA,197600,European
SRR5812621,7,GCCAGCA,178079,European
SRR5812621,8,GCCAGCAG,167768,European
SRR5812621,9,TGTGCCAGC,145521,European
SRR5812621,10,TGTGCCAGCA,134886,European
SRR5812621,11,TGTGCCAGCAG,126542,European
SRR5812622,3,CAG,1081575,European
SRR5812622,4,CAGC,533992,European
SRR5812622,5,AGCAG,382020,European
SRR5812622,6,CCAGCA,291050,European
SRR5812622,7,GCCAGCA,268090,European
SRR5812622,8,GCCAGCAG,252490,European
SRR5812622,9,TGTGCCAGC,212773,European
SRR5812622,10,TGTGCCAGCA,197337,European
SRR5812622,11,TGTGCCAGCAG,184596,European
SRR5812623,3,CAG,388683,European
SRR5812623,4,CAGC,191636,European
SRR5812623,5,AGCAG,134600,European
SRR5812623,6,CCAGCA,100007,European
SRR5812623,7,GCCAGCA,89969,European
SRR5812623,8,GCCAGCAG,85240,European
SRR5812623,9,TGTGCCAGC,69713,European
SRR5812623,10,TGTGCCAGCA,63883,European
SRR5812623,11,TGTGCCAGCAG,60204,European
SRR5812624,3,CAG,403141,European
SRR5812624,4,CAGC,201919,European
SRR5812624,5,AGCAG,138147,European
SRR5812624,6,CCAGCA,106249,European
SRR5812624,7,GCCAGCA,94517,European
SRR5812624,8,GCCAGCAG,88285,European
SRR5812624,9,TGTGCCAGC,79089,European
SRR5812624,10,TGTGCCAGCA,71800,European
SRR5812624,11,TGTGCCAGCAG,66724,European
SRR5812625,3,CAG,745425,European
SRR5812625,4,GCAG,378995,European
SRR5812625,5,GCAGT,248665,European
SRR5812625,6,TGTGCC,156354,European
SRR5812625,7,TGTGCCA,153477,European
SRR5812625,8,TGTGCCAG,132416,European
SRR5812625,9,TGTGCCAGC,129192,European
SRR5812625,10,TGTGCCAGCA,119207,European
SRR5812625,11,TGTGCCAGCAG,110147,European
SRR5812626,3,CAG,1197156,European
SRR5812626,4,GCAG,606470,European
SRR5812626,5,AGCAG,462142,European
SRR5812626,6,CCAGCA,305163,European
SRR5812626,7,TGTGCCA,291501,European
SRR5812626,8,GCCAGCAG,271141,European
SRR5812626,9,TGTGCCAGC,259968,European
SRR5812626,10,TGTGCCAGCA,245966,European
SRR5812626,11,TGTGCCAGCAG,230814,European
SRR5812627,3,CAG,94592,European
SRR5812627,4,CAGC,45979,European
SRR5812627,5,AGCAG,35669,European
SRR5812627,6,TGTGCC,25673,European
SRR5812627,7,TGTGCCA,24918,European
SRR5812627,8,TGTGCCAG,22141,European
SRR5812627,9,TGTGCCAGC,21092,European
SRR5812627,10,TGTGCCAGCA,19796,European
SRR5812627,11,TGTGCCAGCAG,18539,European
SRR5812628,3,CAG,777839,European
SRR5812628,4,GCAG,389238,European
SRR5812628,5,AGCAG,256407,European
SRR5812628,6,CCAGCA,182486,European
SRR5812628,7,TGTGCCA,167851,European
SRR5812628,8,GCCAGCAG,153889,European
SRR5812628,9,TGTGCCAGC,145295,European
SRR5812628,10,TGTGCCAGCA,136022,European
SRR5812628,11,TGTGCCAGCAG,127450,European
SRR5812629,3,CAG,727557,European
SRR5812629,4,CAGC,356893,European
SRR5812629,5,AGCAG,254862,European
SRR5812629,6,CCAGCA,188719,European
SRR5812629,7,GCCAGCA,170473,European
SRR5812629,8,GCCAGCAG,161623,European
SRR5812629,9,TGTGCCAGC,144256,European
SRR5812629,10,TGTGCCAGCA,133658,European
SRR5812629,11,TGTGCCAGCAG,126214,European
SRR5812630,3,CAG,35117,European
SRR5812630,4,CAGC,22026,European
SRR5812630,5,AGCAG,15233,European
SRR5812630,6,CCAGCA,10912,European
SRR5812630,7,TGTGCCA,10849,European
SRR5812630,8,TGTGCCAG,10755,European
SRR5812630,9,TGTGCCAGC,10666,European
SRR5812630,10,TGTGCCAGCA,10380,European
SRR5812630,11,TGTGCCAGCAG,10111,European
SRR5812631,3,CAG,55513,European
SRR5812631,4,CAGC,35003,European
SRR5812631,5,AGCAG,22759,European
SRR5812631,6,CCAGCA,17444,European
SRR5812631,7,TGTGCCA,17111,European
SRR5812631,8,TGTGCCAG,16992,European
SRR5812631,9,TGTGCCAGC,16884,European
SRR5812631,10,TGTGCCAGCA,16533,European
SRR5812631,11,TGTGCCAGCAG,16111,European
SRR5812632,3,CAG,512053,European
SRR5812632,4,CAGC,248397,European
SRR5812632,5,AGCAG,180555,European
SRR5812632,6,CCAGCA,133933,European
SRR5812632,7,GCCAGCA,120157,European
SRR5812632,8,GCCAGCAG,113535,European
SRR5812632,9,TGTGCCAGC,93692,European
SRR5812632,10,TGTGCCAGCA,87687,European
SRR5812632,11,TGTGCCAGCAG,82219,European
SRR5812634,3,CAG,45996,European
SRR5812634,4,CAGC,28702,European
SRR5812634,5,AGCAG,18505,European
SRR5812634,6,CCAGCA,14352,European
SRR5812634,7,TGTGCCA,14056,European
SRR5812634,8,GTGCCAGC,13922,European
SRR5812634,9,TGTGCCAGC,13828,European
SRR5812634,10,TGTGCCAGCA,13528,European
SRR5812634,11,TGTGCCAGCAG,13161,European
SRR5812635,3,CAG,633375,European
SRR5812635,4,GCAG,317193,European
SRR5812635,5,AGCAG,252419,European
SRR5812635,6,CCAGCA,172915,European
SRR5812635,7,GCCAGCA,163042,European
SRR5812635,8,GCCAGCAG,154501,European
SRR5812635,9,TGTGCCAGC,134821,European
SRR5812635,10,TGTGCCAGCA,127120,European
SRR5812635,11,TGTGCCAGCAG,119798,European
SRR5812636,3,CAG,717392,European
SRR5812636,4,GCAG,355837,European
SRR5812636,5,AGCAG,263981,European
SRR5812636,6,CCAGCA,185274,European
SRR5812636,7,TGTGCCA,167524,European
SRR5812636,8,GCCAGCAG,157159,European
SRR5812636,9,TGTGCCAGC,146042,European
SRR5812636,10,TGTGCCAGCA,135103,European
SRR5812636,11,TGTGCCAGCAG,126167,European
SRR5812637,3,CAG,214865,European
SRR5812637,4,CAGC,104545,European
SRR5812637,5,AGCAG,72010,European
SRR5812637,6,CCAGCA,55738,European
SRR5812637,7,GCCAGCA,49467,European
SRR5812637,8,GCCAGCAG,46471,European
SRR5812637,9,TGTGCCAGC,41296,European
SRR5812637,10,TGTGCCAGCA,37434,European
SRR5812637,11,TGTGCCAGCAG,34954,European
SRR5812638,3,CAG,308597,European
SRR5812638,4,CAGC,154687,European
SRR5812638,5,AGCAG,108715,European
SRR5812638,6,CCAGCA,80401,European
SRR5812638,7,GCCAGCA,71656,European
SRR5812638,8,GCCAGCAG,67662,European
SRR5812638,9,TGTGCCAGC,62255,European
SRR5812638,10,TGTGCCAGCA,57050,European
SRR5812638,11,TGTGCCAGCAG,53604,European
SRR5812639,3,CAG,23900,European
SRR5812639,4,CAGC,14956,European
SRR5812639,5,AGCAG,10361,European
SRR5812640,3,CAG,87709,European
SRR5812640,4,CAGC,55707,European
SRR5812640,5,AGCAG,35857,European
SRR5812640,6,CCAGCA,27704,European
SRR5812640,7,TGTGCCA,27243,European
SRR5812640,8,TGTGCCAG,27046,European
SRR5812640,9,TGTGCCAGC,26847,European
SRR5812640,10,TGTGCCAGCA,26235,European
SRR5812640,11,TGTGCCAGCAG,25539,European
SRR5812641,3,CAG,72188,European
SRR5812641,4,GCAG,35560,European
SRR5812641,5,AGCAG,24592,European
SRR5812641,6,CCAGCA,18527,European
SRR5812641,7,GCCAGCA,17126,European
SRR5812641,8,GCCAGCAG,16140,European
SRR5812641,9,TGTGCCAGC,14503,European
SRR5812641,10,TGTGCCAGCA,13655,European
SRR5812641,11,TGTGCCAGCAG,12803,European
SRR5812642,3,CAG,543211,European
SRR5812642,4,CAGC,266337,European
SRR5812642,5,AGCAG,189689,European
SRR5812642,6,CCAGCA,144152,European
SRR5812642,7,GCCAGCA,130212,European
SRR5812642,8,GCCAGCAG,122721,European
SRR5812642,9,TGTGCCAGC,106272,European
SRR5812642,10,TGTGCCAGCA,98815,European
SRR5812642,11,TGTGCCAGCAG,92628,European
SRR5812643,3,CAG,145147,European
SRR5812643,4,CAGC,93591,European
SRR5812643,5,AGCAG,57336,European
SRR5812643,6,CCAGCA,46645,European
SRR5812643,7,TGTGCCA,45564,European
SRR5812643,8,TGTGCCAG,45163,European
SRR5812643,9,TGTGCCAGC,44915,European
SRR5812643,10,TGTGCCAGCA,43975,European
SRR5812643,11,TGTGCCAGCAG,42746,European
SRR5812644,3,CAG,558138,European
SRR5812644,4,CAGC,288856,European
SRR5812644,5,AGCAG,178697,European
SRR5812644,6,CCAGCA,154541,European
SRR5812644,7,GCCAGCA,135115,European
SRR5812644,8,GCCAGCAG,126595,European
SRR5812644,9,TGTGCCAGC,110715,European
SRR5812644,10,TGTGCCAGCA,100715,European
SRR5812644,11,TGTGCCAGCAG,93877,European
SRR5812645,3,CAG,399821,European
SRR5812645,4,GCAG,193609,European
SRR5812645,5,AGCAG,138251,European
SRR5812645,6,CCAGCA,101584,European
SRR5812645,7,GCCAGCA,90838,European
SRR5812645,8,GCCAGCAG,85286,European
SRR5812645,9,TGTGCCAGC,75791,European
SRR5812645,10,TGTGCCAGCA,69684,European
SRR5812645,11,TGTGCCAGCAG,65147,European
SRR5812646,3,CAG,104556,European
SRR5812646,4,CAGC,66303,European
SRR5812646,5,AGCAG,42261,European
SRR5812646,6,CCAGCA,32957,European
SRR5812646,7,TGTGCCA,32360,European
SRR5812646,8,TGTGCCAG,32104,European
SRR5812646,9,TGTGCCAGC,31915,European
SRR5812646,10,TGTGCCAGCA,31248,European
SRR5812646,11,TGTGCCAGCAG,30454,European
SRR5812647,3,CAG,28475,European
SRR5812647,4,CAGC,18306,European
SRR5812647,5,AGCAG,11865,European
SRR5812648,3,CAG,418289,European
SRR5812648,4,CAGC,215422,European
SRR5812648,5,AGCAG,141561,European
SRR5812648,6,CCAGCA,116490,European
SRR5812648,7,GCCAGCA,104120,European
SRR5812648,8,GCCAGCAG,98242,European
SRR5812648,9,TGTGCCAGC,85797,European
SRR5812648,10,TGTGCCAGCA,79499,European
SRR5812648,11,TGTGCCAGCAG,74521,European
SRR5812649,3,CAG,92637,European
SRR5812649,4,GCAG,45876,European
SRR5812649,5,AGCAG,33856,European
SRR5812649,6,CCAGCA,23378,European
SRR5812649,7,GCCAGCA,21144,European
SRR5812649,8,GCCAGCAG,19890,European
SRR5812649,9,TGTGCCAGC,17940,European
SRR5812649,10,TGTGCCAGCA,16502,European
SRR5812649,11,TGTGCCAGCAG,15473,European
SRR5812650,3,CAG,1388205,European
SRR5812650,4,GCAG,715209,European
SRR5812650,5,AGCAG,525741,European
SRR5812650,6,CCAGCA,337962,European
SRR5812650,7,GCCAGCA,306549,European
SRR5812650,8,GCCAGCAG,287341,European
SRR5812650,9,TGTGCCAGC,243581,European
SRR5812650,10,TGTGCCAGCA,226655,European
SRR5812650,11,TGTGCCAGCAG,211756,European
SRR5812651,3,CAG,2737521,European
SRR5812651,4,GCAG,1337553,European
SRR5812651,5,AGCAG,924426,European
SRR5812651,6,CCAGCA,684218,European
SRR5812651,7,GCCAGCA,612754,European
SRR5812651,8,GCCAGCAG,578451,European
SRR5812651,9,TGTGCCAGC,512705,European
SRR5812651,10,TGTGCCAGCA,468859,European
SRR5812651,11,TGTGCCAGCAG,439914,European
SRR5812652,3,CAG,1611516,European
SRR5812652,4,CAGC,803401,European
SRR5812652,5,AGCAG,571045,European
SRR5812652,6,CCAGCA,428686,European
SRR5812652,7,GCCAGCA,386745,European
SRR5812652,8,GCCAGCAG,366413,European
SRR5812652,9,TGTGCCAGC,317973,European
SRR5812652,10,TGTGCCAGCA,294476,European
SRR5812652,11,TGTGCCAGCAG,277313,European
SRR5812653,3,CAG,111476,European
SRR5812653,4,CAGC,54465,European
SRR5812653,5,AGCAG,42454,European
SRR5812653,6,CCAGCA,30773,European
SRR5812653,7,TGTGCCA,28195,European
SRR5812653,8,GCCAGCAG,26567,European
SRR5812653,9,TGTGCCAGC,24810,European
SRR5812653,10,TGTGCCAGCA,23344,European
SRR5812653,11,TGTGCCAGCAG,22065,European
SRR5812654,3,CAG,697494,European
SRR5812654,4,CAGC,349009,European
SRR5812654,5,AGCAG,274490,European
SRR5812654,6,CCAGCA,192909,European
SRR5812654,7,GCCAGCA,177191,European
SRR5812654,8,GCCAGCAG,168028,European
SRR5812654,9,TGTGCCAGC,153550,European
SRR5812654,10,TGTGCCAGCA,144863,European
SRR5812654,11,TGTGCCAGCAG,136779,European
SRR5812655,3,CAG,33904,European
SRR5812655,4,CAGC,21250,European
SRR5812655,5,AGCAG,14411,European
SRR5812655,6,CCAGCA,10598,European
SRR5812655,7,TGTGCCA,10457,European
SRR5812655,8,TGTGCCAG,10370,European
SRR5812655,9,TGTGCCAGC,10296,European
SRR5812655,10,TGTGCCAGCA,10029,European
SRR5812656,3,CAG,416997,European
SRR5812656,4,CAGC,203598,European
SRR5812656,5,AGCAG,141589,European
SRR5812656,6,CCAGCA,110103,European
SRR5812656,7,TGTGCCA,99217,European
SRR5812656,8,GCCAGCAG,93212,European
SRR5812656,9,TGTGCCAGC,87726,European
SRR5812656,10,TGTGCCAGCA,80255,European
SRR5812656,11,TGTGCCAGCAG,75199,European
SRR5812657,3,CAG,79297,European
SRR5812657,4,GCAG,38754,European
SRR5812657,5,AGCAG,27068,European
SRR5812657,6,CCAGCA,20960,European
SRR5812657,7,GCCAGCA,19358,European
SRR5812657,8,GCCAGCAG,18230,European
SRR5812657,9,TGTGCCAGC,16412,European
SRR5812657,10,TGTGCCAGCA,15593,European
SRR5812657,11,TGTGCCAGCAG,14623,European
SRR5812658,3,CAG,97376,European
SRR5812658,4,CAGC,48294,European
SRR5812658,5,AGCAG,33684,European
SRR5812658,6,CCAGCA,26018,European
SRR5812658,7,GCCAGCA,24290,European
SRR5812658,8,GCCAGCAG,22956,European
SRR5812658,9,TGTGCCAGC,20599,European
SRR5812658,10,TGTGCCAGCA,19516,European
SRR5812658,11,TGTGCCAGCAG,18349,European
SRR5812659,3,CAG,110868,European
SRR5812659,4,GCAG,55254,European
SRR5812659,5,AGCAG,38957,European
SRR5812659,6,CCAGCA,29476,European
SRR5812659,7,GCCAGCA,27623,European
SRR5812659,8,GCCAGCAG,25972,European
SRR5812659,9,TGTGCCAGC,23040,European
SRR5812659,10,TGTGCCAGCA,21832,European
SRR5812659,11,TGTGCCAGCAG,20398,European
SRR5812660,3,CAG,70567,European
SRR5812660,4,GCAG,35101,European
SRR5812660,5,AGCAG,24518,European
SRR5812660,6,CCAGCA,18065,European
SRR5812660,7,GCCAGCA,16858,European
SRR5812660,8,GCCAGCAG,15872,European
SRR5812660,9,TGTGCCAGC,14525,European
SRR5812660,10,TGTGCCAGCA,13676,European
SRR5812660,11,TGTGCCAGCAG,12820,European
SRR5812661,3,CAG,296591,European
SRR5812661,4,CAGC,142960,European
SRR5812661,5,AGCAG,103202,European
SRR5812661,6,CCAGCA,77399,European
SRR5812661,7,GCCAGCA,69652,European
SRR5812661,8,GCCAGCAG,65346,European
SRR5812661,9,TGTGCCAGC,61069,European
SRR5812661,10,TGTGCCAGCA,56837,European
SRR5812661,11,TGTGCCAGCAG,53183,European
SRR5812662,3,CAG,409516,European
SRR5812662,4,GCAG,207813,European
SRR5812662,5,AGCAG,149390,European
SRR5812662,6,CCAGCA,101508,European
SRR5812662,7,GCCAGCA,92759,European
SRR5812662,8,GCCAGCAG,87732,European
SRR5812662,9,TGTGCCAGC,78496,European
SRR5812662,10,TGTGCCAGCA,73080,European
SRR5812662,11,TGTGCCAGCAG,68858,European
SRR5812664,3,CAG,594345,European
SRR5812664,4,CAGC,295273,European
SRR5812664,5,AGCAG,213189,European
SRR5812664,6,CCAGCA,158200,European
SRR5812664,7,TGTGCCA,140868,European
SRR5812664,8,GCCAGCAG,131926,European
SRR5812664,9,TGTGCCAGC,121766,European
SRR5812664,10,TGTGCCAGCA,112426,European
SRR5812664,11,TGTGCCAGCAG,105035,European
SRR5812665,3,CAG,481983,European
SRR5812665,4,CAGC,235669,European
SRR5812665,5,AGCAG,165955,European
SRR5812665,6,CCAGCA,129025,European
SRR5812665,7,TGTGCCA,117779,European
SRR5812665,8,GCCAGCAG,108701,European
SRR5812665,9,TGTGCCAGC,104301,European
SRR5812665,10,TGTGCCAGCA,95916,European
SRR5812665,11,TGTGCCAGCAG,89643,European
SRR5812666,3,CAG,463924,European
SRR5812666,4,CAGC,232785,European
SRR5812666,5,AGCAG,178437,European
SRR5812666,6,CCAGCA,130413,European
SRR5812666,7,GCCAGCA,118642,European
SRR5812666,8,GCCAGCAG,112627,European
SRR5812666,9,TGTGCCAGC,102559,European
SRR5812666,10,TGTGCCAGCA,95776,European
SRR5812666,11,TGTGCCAGCAG,90448,European
SRR5812667,3,CAG,691850,European
SRR5812667,4,CAGC,345895,European
SRR5812667,5,AGCAG,274503,European
SRR5812667,6,CCAGCA,190821,European
SRR5812667,7,GCCAGCA,177721,European
SRR5812667,8,GCCAGCAG,169034,European
SRR5812667,9,TGTGCCAGC,150956,European
SRR5812667,10,TGTGCCAGCA,143501,European
SRR5812667,11,TGTGCCAGCAG,135747,European
SRR5812668,3,CAG,1410164,European
SRR5812668,4,CAGC,694801,European
SRR5812668,5,AGCAG,487022,European
SRR5812668,6,CCAGCA,379361,European
SRR5812668,7,GCCAGCA,340588,European
SRR5812668,8,GCCAGCAG,319765,European
SRR5812668,9,TGTGCCAGC,297239,European
SRR5812668,10,TGTGCCAGCA,272366,European
SRR5812668,11,TGTGCCAGCAG,254303,European
SRR5812669,3,CAG,2426226,European
SRR5812669,4,CAGC,1200816,European
SRR5812669,5,AGCAG,884733,European
SRR5812669,6,CCAGCA,655453,European
SRR5812669,7,GCCAGCA,596775,European
SRR5812669,8,GCCAGCAG,563141,European
SRR5812669,9,TGTGCCAGC,506014,European
SRR5812669,10,TGTGCCAGCA,471217,European
SRR5812669,11,TGTGCCAGCAG,441821,European
SRR5812670,3,CAG,135591,European
SRR5812670,4,CAGC,69643,European
SRR5812670,5,AGCAG,45724,European
SRR5812670,6,CCAGCA,37178,European
SRR5812670,7,GCCAGCA,32968,European
SRR5812670,8,GCCAGCAG,30946,European
SRR5812670,9,TGTGCCAGC,25969,European
SRR5812670,10,TGTGCCAGCA,23959,European
SRR5812670,11,TGTGCCAGCAG,22333,European
SRR5812671,3,CAG,522973,European
SRR5812671,4,GCAG,264259,European
SRR5812671,5,AGCAG,213764,European
SRR5812671,6,CCAGCA,143558,European
SRR5812671,7,TGTGCCA,135820,European
SRR5812671,8,GCCAGCAG,125730,European
SRR5812671,9,TGTGCCAGC,119472,European
SRR5812671,10,TGTGCCAGCA,111914,European
SRR5812671,11,TGTGCCAGCAG,104784,European
SRR5812672,3,CAG,939367,European
SRR5812672,4,GCAG,473917,European
SRR5812672,5,AGCAG,339192,European
SRR5812672,6,CCAGCA,231903,European
SRR5812672,7,TGTGCCA,223377,European
SRR5812672,8,TGTGCCAG,198210,European
SRR5812672,9,TGTGCCAGC,191362,European
SRR5812672,10,TGTGCCAGCA,175719,European
SRR5812672,11,TGTGCCAGCAG,163464,European
SRR5812673,3,CAG,118250,European
SRR5812673,4,GCAG,57672,European
SRR5812673,5,AGCAG,43241,European
SRR5812673,6,CCAGCA,30332,European
SRR5812673,7,GCCAGCA,27684,European
SRR5812673,8,GCCAGCAG,26157,European
SRR5812673,9,TGTGCCAGC,24074,European
SRR5812673,10,TGTGCCAGCA,22039,European
SRR5812673,11,TGTGCCAGCAG,20737,European
SRR5812674,3,CAG,458072,European
SRR5812674,4,CAGC,220388,European
SRR5812674,5,AGCAG,158379,European
SRR5812674,6,CCAGCA,118445,European
SRR5812674,7,GCCAGCA,105618,European
SRR5812674,8,GCCAGCAG,99021,European
SRR5812674,9,TGTGCCAGC,82845,European
SRR5812674,10,TGTGCCAGCA,75826,European
SRR5812674,11,TGTGCCAGCAG,70493,European
SRR5812675,3,CAG,277088,European
SRR5812675,4,GCAG,136828,European
SRR5812675,5,AGCAG,108898,European
SRR5812675,6,CCAGCA,75769,European
SRR5812675,7,TGTGCCA,73177,European
SRR5812675,8,TGTGCCAG,65748,European
SRR5812675,9,TGTGCCAGC,63079,European
SRR5812675,10,TGTGCCAGCA,59734,European
SRR5812675,11,TGTGCCAGCAG,56200,European
SRR5812676,3,CAG,335426,European
SRR5812676,4,CAGC,162471,European
SRR5812676,5,AGCAG,115343,European
SRR5812676,6,CCAGCA,86986,European
SRR5812676,7,TGTGCCA,80184,European
SRR5812676,8,GCCAGCAG,73166,European
SRR5812676,9,TGTGCCAGC,68147,European
SRR5812676,10,TGTGCCAGCA,62394,European
SRR5812676,11,TGTGCCAGCAG,58338,European
SRR5812677,3,CAG,1702846,European
SRR5812677,4,CAGC,831996,European
SRR5812677,5,AGCAG,590082,European
SRR5812677,6,CCAGCA,446737,European
SRR5812677,7,GCCAGCA,399469,European
SRR5812677,8,GCCAGCAG,374867,European
SRR5812677,9,TGTGCCAGC,336997,European
SRR5812677,10,TGTGCCAGCA,311844,European
SRR5812677,11,TGTGCCAGCAG,291267,European
SRR5812678,3,CAG,1393752,European
SRR5812678,4,CAGC,682938,European
SRR5812678,5,AGCAG,472081,European
SRR5812678,6,CCAGCA,364019,European
SRR5812678,7,GCCAGCA,323200,European
SRR5812678,8,GCCAGCAG,303537,European
SRR5812678,9,TGTGCCAGC,265817,European
SRR5812678,10,TGTGCCAGCA,245808,European
SRR5812678,11,TGTGCCAGCAG,229549,European
SRR5812679,3,CAG,686452,European
SRR5812679,4,GCAG,352426,European
SRR5812679,5,AGCAG,235511,European
SRR5812679,6,CCAGCA,158363,European
SRR5812679,7,GCCAGCA,142095,European
SRR5812679,8,GCCAGCAG,134127,European
SRR5812679,9,TGTGCCAGC,118441,European
SRR5812679,10,TGTGCCAGCA,109611,European
SRR5812679,11,TGTGCCAGCAG,102834,European
SRR5812680,3,CAG,523026,European
SRR5812680,4,GCAG,259244,European
SRR5812680,5,AGCAG,187701,European
SRR5812680,6,CCAGCA,129696,European
SRR5812680,7,TGTGCCA,121333,European
SRR5812680,8,GCCAGCAG,110873,European
SRR5812680,9,TGTGCCAGC,103972,European
SRR5812680,10,TGTGCCAGCA,95174,European
SRR5812680,11,TGTGCCAGCAG,89050,European
SRR5812681,3,CAG,688339,European
SRR5812681,4,CAGC,343007,European
SRR5812681,5,AGCAG,229977,European
SRR5812681,6,CCAGCA,183704,European
SRR5812681,7,GCCAGCA,164597,European
SRR5812681,8,GCCAGCAG,155192,European
SRR5812681,9,TGTGCCAGC,140015,European
SRR5812681,10,TGTGCCAGCA,130698,European
SRR5812681,11,TGTGCCAGCAG,122759,European
SRR5812682,3,CAG,1030239,European
SRR5812682,4,GCAG,498241,European
SRR5812682,5,AGCAG,353588,European
SRR5812682,6,CCAGCA,264851,European
SRR5812682,7,GCCAGCA,234825,European
SRR5812682,8,GCCAGCAG,220519,European
SRR5812682,9,TGTGCCAGC,188897,European
SRR5812682,10,TGTGCCAGCA,173728,European
SRR5812682,11,TGTGCCAGCAG,162291,European
SRR5812683,3,CAG,339096,European
SRR5812683,4,GCAG,166137,European
SRR5812683,5,AGCAG,124814,European
SRR5812683,6,CCAGCA,88104,European
SRR5812683,7,GCCAGCA,80988,European
SRR5812683,8,GCCAGCAG,76387,European
SRR5812683,9,TGTGCCAGC,69182,European
SRR5812683,10,TGTGCCAGCA,65306,European
SRR5812683,11,TGTGCCAGCAG,61353,European
SRR5812684,3,CAG,266899,European
SRR5812684,4,CAGC,133966,European
SRR5812684,5,AGCAG,87470,European
SRR5812684,6,CCAGCA,69496,European
SRR5812684,7,GCCAGCA,61453,European
SRR5812684,8,GCCAGCAG,58022,European
SRR5812684,9,TGTGCCAGC,49843,European
SRR5812684,10,TGTGCCAGCA,44858,European
SRR5812684,11,TGTGCCAGCAG,42187,European
SRR5812685,3,CAG,19549,European
SRR5812685,4,CAGC,12159,European
SRR5812686,3,CAG,752334,European
SRR5812686,4,GCAG,368571,European
SRR5812686,5,AGCAG,269395,European
SRR5812686,6,CCAGCA,197680,European
SRR5812686,7,GCCAGCA,179697,European
SRR5812686,8,GCCAGCAG,169601,European
SRR5812686,9,TGTGCCAGC,142952,European
SRR5812686,10,TGTGCCAGCA,133501,European
SRR5812686,11,TGTGCCAGCAG,125482,European
SRR5812687,3,CAG,151332,European
SRR5812687,4,CAGC,95121,European
SRR5812687,5,AGCAG,63230,European
SRR5812687,6,CCAGCA,47441,European
SRR5812687,7,TGTGCCA,46315,European
SRR5812687,8,TGTGCCAG,45936,European
SRR5812687,9,TGTGCCAGC,45639,European
SRR5812687,10,TGTGCCAGCA,44644,European
SRR5812687,11,TGTGCCAGCAG,43456,European
SRR7993430,3,CAG,150776,African
SRR7993430,4,CAGC,75909,African
SRR7993430,5,AGCAG,52301,African
SRR7993430,6,CCAGCA,40349,African
SRR7993430,7,GCCAGCA,36250,African
SRR7993430,8,GCCAGCAG,34251,African
SRR7993430,9,TGTGCCAGC,28825,African
SRR7993430,10,TGTGCCAGCA,26719,African
SRR7993430,11,TGTGCCAGCAG,25091,African
SRR7993431,3,CAG,100301,African
SRR7993431,4,CAGC,49962,African
SRR7993431,5,AGCAG,34572,African
SRR7993431,6,CCAGCA,26565,African
SRR7993431,7,GCCAGCA,23761,African
SRR7993431,8,GCCAGCAG,22453,African
SRR7993431,9,TGTGCCAGC,19267,African
SRR7993431,10,TGTGCCAGCA,17794,African
SRR7993431,11,TGTGCCAGCAG,16748,African
SRR7993432,3,CAG,161736,African
SRR7993432,4,CAGC,80722,African
SRR7993432,5,AGCAG,55940,African
SRR7993432,6,CCAGCA,42918,African
SRR7993432,7,GCCAGCA,38678,African
SRR7993432,8,GCCAGCAG,36632,African
SRR7993432,9,TGTGCCAGC,31139,African
SRR7993432,10,TGTGCCAGCA,28700,African
SRR7993432,11,TGTGCCAGCAG,27042,African
SRR7993435,3,CAG,266099,African
SRR7993435,4,CAGC,130456,African
SRR7993435,5,AGCAG,95313,African
SRR7993435,6,CCAGCA,69328,African
SRR7993435,7,GCCAGCA,63199,African
SRR7993435,8,GCCAGCAG,59317,African
SRR7993435,9,TGTGCCAGC,53233,African
SRR7993435,10,TGTGCCAGCA,49057,African
SRR7993435,11,TGTGCCAGCAG,45898,African
SRR7993436,3,CAG,107409,African
SRR7993436,4,CAGC,53784,African
SRR7993436,5,AGCAG,36993,African
SRR7993436,6,CCAGCA,29043,African
SRR7993436,7,GCCAGCA,25826,African
SRR7993436,8,GCCAGCAG,24311,African
SRR7993436,9,TGTGCCAGC,21188,African
SRR7993436,10,TGTGCCAGCA,19660,African
SRR7993436,11,TGTGCCAGCAG,18400,African
SRR7993446,3,CAG,242831,African
SRR7993446,4,CAGC,119930,African
SRR7993446,5,AGCAG,79327,African
SRR7993446,6,CCAGCA,64926,African
SRR7993446,7,GCCAGCA,58620,African
SRR7993446,8,GCCAGCAG,55137,African
SRR7993446,9,TGTGCCAGC,47544,African
SRR7993446,10,TGTGCCAGCA,44089,African
SRR7993446,11,TGTGCCAGCAG,41245,African
SRR7993459,3,CAG,91519,African
SRR7993459,4,CAGC,45007,African
SRR7993459,5,AGCAG,31282,African
SRR7993459,6,CCAGCA,23980,African
SRR7993459,7,GCCAGCA,21302,African
SRR7993459,8,GCCAGCAG,19898,African
SRR7993459,9,TGTGCCAGC,18123,African
SRR7993459,10,TGTGCCAGCA,16662,African
SRR7993459,11,TGTGCCAGCAG,15498,African
SRR7993460,3,CAG,55547,African
SRR7993460,4,GCAG,27951,African
SRR7993460,5,AGCAG,21050,African
SRR7993460,6,CCAGCA,14403,African
SRR7993460,7,GCCAGCA,12984,African
SRR7993460,8,GCCAGCAG,12173,African
SRR7993460,9,TGTGCCAGC,11135,African
SRR7993460,10,TGTGCCAGCA,10375,African
SRR7993461,3,CAG,83491,African
SRR7993461,4,GCAG,40956,African
SRR7993461,5,AGCAG,28236,African
SRR7993461,6,CCAGCA,20960,African
SRR7993461,7,GCCAGCA,18536,African
SRR7993461,8,GCCAGCAG,17443,African
SRR7993461,9,TGTGCCAGC,15528,African
SRR7993461,10,TGTGCCAGCA,14295,African
SRR7993461,11,TGTGCCAGCAG,13416,African
SRR7993462,3,CAG,160199,African
SRR7993462,4,GCAG,77685,African
SRR7993462,5,AGCAG,57656,African
SRR7993462,6,CCAGCA,41628,African
SRR7993462,7,TGTGCCA,37431,African
SRR7993462,8,GCCAGCAG,34922,African
SRR7993462,9,TGTGCCAGC,32839,African
SRR7993462,10,TGTGCCAGCA,29836,African
SRR7993462,11,TGTGCCAGCAG,27729,African
SRR7993469,3,CAG,233244,African
SRR7993469,4,CAGC,112765,African
SRR7993469,5,AGCAG,81692,African
SRR7993469,6,CCAGCA,60895,African
SRR7993469,7,GCCAGCA,55474,African
SRR7993469,8,GCCAGCAG,52271,African
SRR7993469,9,TGTGCCAGC,41015,African
SRR7993469,10,TGTGCCAGCA,38093,African
SRR7993469,11,TGTGCCAGCAG,35641,African
SRR7993470,3,CAG,297642,African
SRR7993470,4,CAGC,143605,African
SRR7993470,5,AGCAG,105022,African
SRR7993470,6,CCAGCA,77833,African
SRR7993470,7,GCCAGCA,71089,African
SRR7993470,8,GCCAGCAG,66881,African
SRR7993470,9,TGTGCCAGC,53065,African
SRR7993470,10,TGTGCCAGCA,49219,African
SRR7993470,11,TGTGCCAGCAG,45995,African
SRR7993471,3,CAG,337392,African
SRR7993471,4,GCAG,164178,African
SRR7993471,5,AGCAG,116576,African
SRR7993471,6,CCAGCA,85117,African
SRR7993471,7,GCCAGCA,77611,African
SRR7993471,8,GCCAGCAG,73264,African
SRR7993471,9,TGTGCCAGC,55472,African
SRR7993471,10,TGTGCCAGCA,51322,African
SRR7993471,11,TGTGCCAGCAG,48067,African
SRR7993475,3,CAG,154322,African
SRR7993475,4,CAGC,77710,African
SRR7993475,5,AGCAG,53540,African
SRR7993475,6,CCAGCA,41380,African
SRR7993475,7,GCCAGCA,37549,African
SRR7993475,8,GCCAGCAG,35480,African
SRR7993475,9,TGTGCCAGC,28691,African
SRR7993475,10,TGTGCCAGCA,26470,African
SRR7993475,11,TGTGCCAGCAG,24796,African
SRR7993476,3,CAG,76597,African
SRR7993476,4,CAGC,36911,African
SRR7993476,5,AGCAG,24257,African
SRR7993476,6,CCAGCA,19636,African
SRR7993476,7,GCCAGCA,17603,African
SRR7993476,8,GCCAGCAG,16580,African
SRR7993476,9,TGTGCCAGC,12894,African
SRR7993476,10,TGTGCCAGCA,11933,African
SRR7993476,11,TGTGCCAGCAG,11164,African
SRR7993477,3,CAG,92569,African
SRR7993477,4,CAGC,46279,African
SRR7993477,5,AGCAG,30333,African
SRR7993477,6,CCAGCA,24157,African
SRR7993477,7,GCCAGCA,21262,African
SRR7993477,8,GCCAGCAG,20061,African
SRR7993477,9,TGTGCCAGC,17382,African
SRR7993477,10,TGTGCCAGCA,15816,African
SRR7993477,11,TGTGCCAGCAG,14834,African
SRR7993478,3,CAG,13287,African
SRR7993479,3,CAG,54860,African
SRR7993479,4,GCAG,26479,African
SRR7993479,5,AGCAG,17625,African
SRR7993479,6,CCAGCA,13248,African
SRR7993479,7,GCCAGCA,11823,African
SRR7993479,8,GCCAGCAG,11083,African
SRR7993480,3,CAG,56148,African
SRR7993480,4,GCAG,27509,African
SRR7993480,5,AGCAG,18285,African
SRR7993480,6,CCAGCA,13643,African
SRR7993480,7,GCCAGCA,12105,African
SRR7993480,8,GCCAGCAG,11407,African
SRR7993481,3,CAG,15767,African
SRR7993482,3,CAG,72904,African
SRR7993482,4,GCAG,35933,African
SRR7993482,5,AGCAG,23614,African
SRR7993482,6,CCAGCA,17291,African
SRR7993482,7,GCCAGCA,15285,African
SRR7993482,8,GCCAGCAG,14405,African
SRR7993482,9,TGTGCCAGC,12068,African
SRR7993482,10,TGTGCCAGCA,11068,African
SRR7993482,11,TGTGCCAGCAG,10390,African
SRR7993491,3,CAG,116610,African
SRR7993491,4,CAGC,55943,African
SRR7993491,5,AGCAG,37251,African
SRR7993491,6,CCAGCA,29265,African
SRR7993491,7,GCCAGCA,25942,African
SRR7993491,8,GCCAGCAG,24428,African
SRR7993491,9,TGTGCCAGC,20161,African
SRR7993491,10,TGTGCCAGCA,18213,African
SRR7993491,11,TGTGCCAGCAG,17056,African
SRR7993492,3,CAG,58790,African
SRR7993492,4,GCAG,29870,African
SRR7993492,5,AGCAG,21400,African
SRR7993492,6,CCAGCA,14784,African
SRR7993492,7,GCCAGCA,13403,African
SRR7993492,8,GCCAGCAG,12729,African
SRR7993492,9,TGTGCCAGC,11314,African
SRR7993492,10,TGTGCCAGCA,10721,African
SRR7993492,11,TGTGCCAGCAG,10166,African
SRR7993493,3,CAG,108704,African
SRR7993493,4,GCAG,54437,African
SRR7993493,5,AGCAG,34267,African
SRR7993493,6,CCAGCA,25523,African
SRR7993493,7,GCCAGCA,22494,African
SRR7993493,8,GCCAGCAG,21340,African
SRR7993493,9,TGTGCCAGC,16783,African
SRR7993493,10,TGTGCCAGCA,15413,African
SRR7993493,11,TGTGCCAGCAG,14538,African
SRR7993494,3,CAG,239516,African
SRR7993494,4,GCAG,118644,African
SRR7993494,5,AGCAG,83306,African
SRR7993494,6,CCAGCA,60388,African
SRR7993494,7,GCCAGCA,54799,African
SRR7993494,8,GCCAGCAG,51795,African
SRR7993494,9,TGTGCCAGC,44151,African
SRR7993494,10,TGTGCCAGCA,41508,African
SRR7993494,11,TGTGCCAGCAG,39078,African
SRR7993495,3,CAG,89966,African
SRR7993495,4,CAGC,44383,African
SRR7993495,5,AGCAG,31493,African
SRR7993495,6,GCCAGC,23363,African
SRR7993495,7,GCCAGCA,21248,African
SRR7993495,8,GCCAGCAG,19978,African
SRR7993495,9,TGTGCCAGC,18037,African
SRR7993495,10,TGTGCCAGCA,16246,African
SRR7993495,11,TGTGCCAGCAG,15195,African
SRR7993496,3,CAG,171075,African
SRR7993496,4,CAGC,83925,African
SRR7993496,5,AGCAG,59833,African
SRR7993496,6,CCAGCA,44881,African
SRR7993496,7,GCCAGCA,40777,African
SRR7993496,8,GCCAGCAG,38635,African
SRR7993496,9,TGTGCCAGC,33237,African
SRR7993496,10,TGTGCCAGCA,30873,African
SRR7993496,11,TGTGCCAGCAG,29104,African
SRR7993498,3,CAG,197541,African
SRR7993498,4,CAGC,102589,African
SRR7993498,5,AGCAG,63160,African
SRR7993498,6,CCAGCA,54195,African
SRR7993498,7,GCCAGCA,48986,African
SRR7993498,8,GCCAGCAG,46558,African
SRR7993498,9,TGTGCCAGC,36025,African
SRR7993498,10,TGTGCCAGCA,33438,African
SRR7993498,11,TGTGCCAGCAG,31531,African
SRR7993504,3,CAG,195198,African
SRR7993504,4,CAGC,98553,African
SRR7993504,5,AGCAG,62685,African
SRR7993504,6,CCAGCA,51927,African
SRR7993504,7,GCCAGCA,47019,African
SRR7993504,8,GCCAGCAG,44566,African
SRR7993504,9,TGTGCCAGC,37896,African
SRR7993504,10,TGTGCCAGCA,35339,African
SRR7993504,11,TGTGCCAGCAG,33332,African
SRR7993521,3,CAG,239416,African
SRR7993521,4,GCAG,116121,African
SRR7993521,5,AGCAG,78605,African
SRR7993521,6,CCAGCA,58872,African
SRR7993521,7,GCCAGCA,53296,African
SRR7993521,8,GCCAGCAG,50421,African
SRR7993521,9,TGTGCCAGC,38662,African
SRR7993521,10,TGTGCCAGCA,35606,African
SRR7993521,11,TGTGCCAGCAG,33500,African
